factor,ann_net_ret,net_sharpe,max_dd,hit_rate,avg_turnover
ILLIQ,0.7662487029435936,0.5395343931195773,-0.8626875807262314,0.4626865671641791,0.5549180519959214
IVOL,0.8753150688813538,0.5295732113565264,-0.8580958260753395,0.40298507462686567,0.5506647132540046
RVOL,0.8368472002687217,0.5059361513150663,-0.8713658878787989,0.4153846153846154,0.5759841411769306
