factor,ann_net_ret,net_sharpe,max_dd,hit_rate,avg_turnover
EP,0.36058659676458177,1.2318808589975567,-0.3343646197017184,0.71,0.505
VALUE_COMP,0.3963227344432203,1.2227480436935676,-0.3319355425550332,0.68,0.505
BTM,0.29325733667730425,0.979089884197463,-0.389099013703992,0.7,0.505
