factor,ann_net_ret,net_sharpe,max_dd,hit_rate,avg_turnover
ILLIQ,0.5877015209781941,0.36706707187362875,-0.933640034190578,0.31343283582089554,0.197757645846476
IVOL,-0.5784924821777269,-0.35817902546637653,-4.216838265269731,0.582089552238806,0.25259383757535314
RVOL,-0.644327089936736,-0.394520938287393,-0.7557692272376169,0.5384615384615384,0.21912763256427822
